ATL,2,Stacey Augmon,/players/a/augmost01.html,SF,6-8,205,August 1, 1968,us,4,University of Nevada, Las Vegas,/friv/colleges.fcgi?college=unlv,
ATL,10,Mookie Blaylock,/players/b/blaylmo01.html,PG,6-0,180,March 20, 1967,us,6,Midland College, University of Oklahoma,/friv/colleges.fcgi?college=midlandcc,/friv/colleges.fcgi?college=oklahoma,
ATL,24,Donnie Boyce,/players/b/boycedo01.html,SG,6-5,196,September 2, 1973,us,R,University of Colorado,/friv/colleges.fcgi?college=colorado,
ATL,50,Matt Bullard,/players/b/bullama01.html,PF,6-10,215,June 5, 1967,us,4,University of Colorado, University of Iowa,/friv/colleges.fcgi?college=colorado,/friv/colleges.fcgi?college=iowa,
ATL,3,Craig Ehlo,/players/e/ehlocr01.html,SG,6-6,180,August 11, 1961,us,12,Washington State University,/friv/colleges.fcgi?college=washst,
ATL,35,Ron Grandison,/players/g/grandro01.html,PF,6-6,215,July 9, 1964,us,3,University of California, Irvine, University of New Orleans,/friv/colleges.fcgi?college=ucirvine,/friv/colleges.fcgi?college=norleans,
ATL,44,Alan Henderson,/players/h/hendeal01.html,PF,6-9,235,December 2, 1972,us,R,Indiana University,/friv/colleges.fcgi?college=indiana,
ATL,22,Reggie Jordan,/players/j/jordare01.html,PG,6-4,195,January 26, 1968,us,1,New Mexico State University,/friv/colleges.fcgi?college=nmstate,
ATL,7,Tim Kempton,/players/k/kemptti01.html,PF,6-10,245,January 25, 1964,us,5,University of Notre Dame,/friv/colleges.fcgi?college=notredame,
ATL,32,Christian Laettner,/players/l/laettch01.html,C,6-11,235,August 17, 1969,us,3,Duke University,/friv/colleges.fcgi?college=duke,
ATL,28,Andrew Lang,/players/l/langan01.html,C,6-11,245,June 28, 1966,us,7,University of Arkansas,/friv/colleges.fcgi?college=arkansas,
ATL,43,Grant Long,/players/l/longgr01.html,PF,6-8,225,March 12, 1966,us,7,Eastern Michigan University,/friv/colleges.fcgi?college=emichigan,
ATL,51,Todd Mundt,/players/m/mundtto01.html,C,7-0,250,May 17, 1970,us,R,University of Memphis, Delta State University,/friv/colleges.fcgi?college=memphis,/friv/colleges.fcgi?college=deltast,
ATL,14,Howard Nathan,/players/n/nathaho01.html,PG,5-11,175,January 21, 1972,us,R,DePaul University, University of Louisiana at Monroe,/friv/colleges.fcgi?college=depaul,/friv/colleges.fcgi?college=ulamo,
ATL,5,Ken Norman,/players/n/normake01.html,SF,6-8,215,September 5, 1964,us,8,University of Illinois at Urbana-Champaign,/friv/colleges.fcgi?college=illinois,
ATL,45,Sean Rooks,/players/r/rooksse01.html,C,6-10,250,September 9, 1969,us,3,University of Arizona,/friv/colleges.fcgi?college=arizona,
ATL,8,Steve Smith,/players/s/smithst01.html,SG,6-7,200,March 31, 1969,us,4,Michigan State University,/friv/colleges.fcgi?college=michiganst,
ATL,4,Spud Webb,/players/w/webbsp01.html,PG,5-6,133,July 13, 1963,us,10,Midland College, North Carolina State University,/friv/colleges.fcgi?college=midlandcc,/friv/colleges.fcgi?college=ncstate,
BOS,11,Dana Barros,/players/b/barroda01.html,PG,5-11,163,April 13, 1967,us,6,Boston College,/friv/colleges.fcgi?college=bostoncoll,
BOS,7,Dee Brown,/players/b/brownde01.html,PG,6-1,160,November 29, 1968,us,5,Jacksonville University,/friv/colleges.fcgi?college=jacksonvil,
BOS,5,Junior Burrough,/players/b/burroju01.html,PF,6-8,242,January 18, 1973,us,R,University of Virginia,/friv/colleges.fcgi?college=virginia,
BOS,51,Charles Claxton,/players/c/claxtch01.html,C,7-0,265,December 13, 1970,vi,R,University of Georgia,/friv/colleges.fcgi?college=georgia,
BOS,13,Todd Day,/players/d/dayto01.html,SG,6-6,188,January 7, 1970,us,3,University of Arkansas,/friv/colleges.fcgi?college=arkansas,
BOS,20,Sherman Douglas,/players/d/douglsh01.html,PG,6-0,180,September 15, 1966,us,6,Syracuse University,/friv/colleges.fcgi?college=syracuse,
BOS,29,Pervis Ellison,/players/e/ellispe01.html,C,6-9,210,April 3, 1967,us,6,University of Louisville,/friv/colleges.fcgi?college=louisville,
BOS,44,Rick Fox,/players/f/foxri01.html,SF,6-7,230,July 24, 1969,ca,4,University of North Carolina,/friv/colleges.fcgi?college=unc,
BOS,30,Thomas Hamilton,/players/h/hamilth01.html,C,7-2,330,April 3, 1975,us,R,University of Pittsburgh,/friv/colleges.fcgi?college=pitt,
BOS,53,Alton Lister,/players/l/listeal01.html,C,7-0,240,October 1, 1958,us,13,Arizona State University,/friv/colleges.fcgi?college=arizonast,
BOS,9,Greg Minor,/players/m/minorgr01.html,SG,6-6,210,September 18, 1971,us,1,University of Louisville,/friv/colleges.fcgi?college=louisville,
BOS,0,Eric Montross,/players/m/montrer01.html,C,7-0,270,September 23, 1971,us,1,University of North Carolina,/friv/colleges.fcgi?college=unc,
BOS,51,Todd Mundt,/players/m/mundtto01.html,C,7-0,250,May 17, 1970,us,R,University of Memphis, Delta State University,/friv/colleges.fcgi?college=memphis,/friv/colleges.fcgi?college=deltast,
BOS,40,Dino Raa,/players/r/radjadi01.html,PF,6-11,225,April 24, 1967,hr,2,,
BOS,34,Doug Smith,/players/s/smithdo03.html,PF,6-10,220,September 17, 1969,us,4,University of Missouri,/friv/colleges.fcgi?college=missouri,
BOS,54,Larry Sykes,/players/s/sykesla01.html,PF,6-9,255,April 11, 1973,us,R,Xavier University,/friv/colleges.fcgi?college=xavier,
BOS,4,David Wesley,/players/w/wesleda01.html,PG,6-0,190,November 14, 1970,us,2,Baylor University,/friv/colleges.fcgi?college=baylor,
BOS,55,Eric Williams,/players/w/willier01.html,SF,6-8,220,July 17, 1972,us,R,Providence College,/friv/colleges.fcgi?college=providence,
CHH,23,Michael Adams,/players/a/adamsmi01.html,PG,5-10,162,January 19, 1963,us,10,Boston College,/friv/colleges.fcgi?college=bostoncoll,
CHH,7,Rafael Addison,/players/a/addisra01.html,SF,6-7,215,July 22, 1964,us,4,Syracuse University,/friv/colleges.fcgi?college=syracuse,
CHH,12,Kenny Anderson,/players/a/anderke01.html,PG,6-0,168,October 9, 1970,us,4,Georgia Institute of Technology,/friv/colleges.fcgi?college=gatech,
CHH,14,Corey Beck,/players/b/beckco01.html,PG,6-1,190,May 27, 1971,us,R,South Plains College, University of Arkansas,/friv/colleges.fcgi?college=splains,/friv/colleges.fcgi?college=arkansas,
CHH,1,Muggsy Bogues,/players/b/boguemu01.html,PG,5-3,136,January 9, 1965,us,8,Wake Forest University,/friv/colleges.fcgi?college=wake,
CHH,24,Scott Burrell,/players/b/burresc01.html,SF,6-7,218,January 12, 1971,us,2,University of Connecticut,/friv/colleges.fcgi?college=uconn,
CHH,30,Dell Curry,/players/c/curryde01.html,SG,6-4,190,June 25, 1964,us,9,Virginia Polytechnic Institute and State University,/friv/colleges.fcgi?college=vatech,
CHH,52,Matt Geiger,/players/g/geigema01.html,C,7-0,243,September 10, 1969,us,3,Auburn University, Georgia Institute of Technology,/friv/colleges.fcgi?college=auburn,/friv/colleges.fcgi?college=gatech,
CHH,13,Kendall Gill,/players/g/gillke01.html,SG,6-5,195,May 25, 1968,us,5,University of Illinois at Urbana-Champaign,/friv/colleges.fcgi?college=illinois,
CHH,35,Gerald Glass,/players/g/glassge01.html,SF,6-5,221,November 12, 1967,us,3,Delta State University, University of Mississippi,/friv/colleges.fcgi?college=deltast,/friv/colleges.fcgi?college=olemiss,
CHH,5,Anthony Goldwire,/players/g/goldwan01.html,PG,6-1,182,September 6, 1971,us,R,University of Houston,/friv/colleges.fcgi?college=houston,
CHH,4,Darrin Hancock,/players/h/hancoda01.html,SF,6-7,205,November 3, 1971,us,1,University of Kansas,/friv/colleges.fcgi?college=kansas,
CHH,35,Donald Hodge,/players/h/hodgedo01.html,C,7-0,230,February 25, 1969,us,4,Temple University,/friv/colleges.fcgi?college=temple,
CHH,2,Larry Johnson,/players/j/johnsla02.html,PF,6-6,250,March 14, 1969,us,4,University of Nevada, Las Vegas,/friv/colleges.fcgi?college=unlv,
CHH,20,Pete Myers,/players/m/myerspe01.html,SG,6-6,180,September 15, 1963,us,7,University of Arkansas at Little Rock,/friv/colleges.fcgi?college=arkansaslr,
CHH,00,Robert Parish,/players/p/parisro01.html,C,7-0,230,August 30, 1953,us,19,Centenary College of Louisiana,/friv/colleges.fcgi?college=centenary,
CHH,3,Khalid Reeves,/players/r/reevekh01.html,PG,6-3,199,July 15, 1972,us,1,University of Arizona,/friv/colleges.fcgi?college=arizona,
CHH,41,Glen Rice,/players/r/ricegl01.html,SF,6-7,215,May 28, 1967,us,6,University of Michigan,/friv/colleges.fcgi?college=michigan,
CHH,12,Greg Sutton,/players/s/suttogr01.html,PG,6-2,170,December 3, 1967,us,2,Oral Roberts University,/friv/colleges.fcgi?college=oralrob,
CHH,43,Joe Wolf,/players/w/wolfjo01.html,PF,6-11,230,December 17, 1964,us,7,University of North Carolina,/friv/colleges.fcgi?college=unc,
CHH,25,George Zdek,/players/z/zidekge01.html,C,7-0,250,August 2, 1973,cz,R,University of California, Los Angeles,/friv/colleges.fcgi?college=ucla,
CHI,0,Randy Brown,/players/b/brownra02.html,PG,6-2,190,May 22, 1968,us,4,University of Houston, New Mexico State University,/friv/colleges.fcgi?college=houston,/friv/colleges.fcgi?college=nmstate,
CHI,30,Jud Buechler,/players/b/buechju01.html,SF,6-6,220,June 19, 1968,us,5,University of Arizona,/friv/colleges.fcgi?college=arizona,
CHI,35,Jason Caffey,/players/c/caffeja01.html,PF,6-8,255,June 12, 1973,us,R,University of Alabama,/friv/colleges.fcgi?college=alabama,
CHI,53,James Edwards,/players/e/edwarja01.html,C,7-0,225,November 22, 1955,us,18,University of Washington,/friv/colleges.fcgi?college=washington,
CHI,54,Jack Haley,/players/h/haleyja01.html,C,6-10,240,January 27, 1964,us,6,University of California, Los Angeles,/friv/colleges.fcgi?college=ucla,
CHI,9,Ron Harper,/players/h/harpero01.html,PG,6-6,185,January 20, 1964,us,9,Miami University,/friv/colleges.fcgi?college=miamioh,
CHI,23,Michael Jordan,/players/j/jordami01.html,SG,6-6,195,February 17, 1963,us,10,University of North Carolina,/friv/colleges.fcgi?college=unc,
CHI,25,Steve Kerr,/players/k/kerrst01.html,PG,6-3,175,September 27, 1965,lb,7,University of Arizona,/friv/colleges.fcgi?college=arizona,
CHI,7,Toni Kuko,/players/k/kukocto01.html,SF,6-10,192,September 18, 1968,hr,2,,
CHI,13,Luc Longley,/players/l/longllu01.html,C,7-2,265,January 19, 1969,au,4,University of New Mexico,/friv/colleges.fcgi?college=nmexico,
CHI,33,Scottie Pippen,/players/p/pippesc01.html,SF,6-8,210,September 25, 1965,us,8,University of Central Arkansas,/friv/colleges.fcgi?college=carkansas,
CHI,91,Dennis Rodman,/players/r/rodmade01.html,PF,6-7,210,May 13, 1961,us,9,Southeastern Oklahoma State University,/friv/colleges.fcgi?college=seoklahoma,
CHI,22,John Salley,/players/s/sallejo01.html,PF,6-11,230,May 16, 1964,us,9,Georgia Institute of Technology,/friv/colleges.fcgi?college=gatech,
CHI,8,Dickey Simpkins,/players/s/simpkdi01.html,PF,6-9,248,April 6, 1972,us,1,Providence College,/friv/colleges.fcgi?college=providence,
CHI,34,Bill Wennington,/players/w/wennibi01.html,C,7-0,245,April 26, 1963,ca,8,St. John's University,/friv/colleges.fcgi?college=stjohns,
CLE,13,John Amaechi,/players/a/amaecjo01.html,PF,6-10,270,November 26, 1970,us,R,Vanderbilt University, Pennsylvania State University,/friv/colleges.fcgi?college=vandy,/friv/colleges.fcgi?college=pennst,
CLE,1,Terrell Brandon,/players/b/brandte01.html,PG,5-11,180,May 20, 1970,us,4,University of Oregon,/friv/colleges.fcgi?college=oregon,
CLE,44,Michael Cage,/players/c/cagemi01.html,C,6-9,224,January 28, 1962,us,11,San Diego State University,/friv/colleges.fcgi?college=sandiegost,
CLE,40,Joe Courtney,/players/c/courtjo01.html,PF,6-8,235,October 17, 1969,us,2,Mississippi State University, University of Southern Mississippi,/friv/colleges.fcgi?college=missst,/friv/colleges.fcgi?college=smiss,
CLE,11,John Crotty,/players/c/crottjo01.html,PG,6-1,185,July 15, 1969,us,3,University of Virginia,/friv/colleges.fcgi?college=virginia,
CLE,35,Danny Ferry,/players/f/ferryda01.html,PF,6-10,230,October 17, 1966,us,5,Duke University,/friv/colleges.fcgi?college=duke,
CLE,32,Tyrone Hill,/players/h/hillty01.html,PF,6-9,240,March 19, 1968,us,5,Xavier University,/friv/colleges.fcgi?college=xavier,
CLE,30,Darryl Johnson,/players/j/johnsda02.html,PG,6-1,170,October 26, 1965,us,R,Michigan State University,/friv/colleges.fcgi?college=michiganst,
CLE,21,Antonio Lang,/players/l/langan02.html,SF,6-8,205,May 15, 1972,us,1,Duke University,/friv/colleges.fcgi?college=duke,
CLE,9,Dan Majerle,/players/m/majerda01.html,SF,6-6,215,September 9, 1965,us,7,Central Michigan University,/friv/colleges.fcgi?college=cmichigan,
CLE,33,Donny Marshall,/players/m/marshdo02.html,SF,6-7,230,July 17, 1972,us,R,University of Connecticut,/friv/colleges.fcgi?college=uconn,
CLE,24,Chris Mills,/players/m/millsch01.html,SF,6-6,215,January 25, 1970,us,2,University of Kentucky, University of Arizona,/friv/colleges.fcgi?college=kentucky,/friv/colleges.fcgi?college=arizona,
CLE,4,Harold Miner,/players/m/minerha01.html,SG,6-5,210,May 5, 1971,us,3,University of Southern California,/friv/colleges.fcgi?college=usc,
CLE,14,Bobby Phills,/players/p/phillbo01.html,SG,6-5,210,December 20, 1969,us,4,Southern University and A&M College,/friv/colleges.fcgi?college=southernu,
CLE,3,Bob Sura,/players/s/surabo01.html,SG,6-5,200,March 25, 1973,us,R,Florida State University,/friv/colleges.fcgi?college=floridast,
DAL,1,Scott Brooks,/players/b/brooksc01.html,PG,5-11,165,July 31, 1965,us,7,Texas Christian University, University of California, Irvine,/friv/colleges.fcgi?college=txchrist,/friv/colleges.fcgi?college=ucirvine,
DAL,43,Terry Davis,/players/d/daviste01.html,PF,6-9,225,June 17, 1967,us,6,Virginia Union University,/friv/colleges.fcgi?college=vaunion,
DAL,7,Tony Dumas,/players/d/dumasto01.html,SG,6-6,190,August 25, 1972,us,1,University of Missouri-Kansas City,/friv/colleges.fcgi?college=umkc,
DAL,30,Lucious Harris,/players/h/harrilu01.html,SG,6-5,190,December 18, 1970,us,2,California State University, Long Beach,/friv/colleges.fcgi?college=longbeach,
DAL,35,Donald Hodge,/players/h/hodgedo01.html,C,7-0,230,February 25, 1969,us,4,Temple University,/friv/colleges.fcgi?college=temple,
DAL,24,Jim Jackson,/players/j/jacksji01.html,SG,6-6,220,October 14, 1970,us,3,Ohio State University,/friv/colleges.fcgi?college=ohiost,
DAL,54,Popeye Jones,/players/j/jonespo01.html,PF,6-8,250,June 17, 1970,us,2,Murray State University,/friv/colleges.fcgi?college=murrayst,
DAL,5,Jason Kidd,/players/k/kiddja01.html,PG,6-4,205,March 23, 1973,us,1,University of California,/friv/colleges.fcgi?college=california,
DAL,32,Jamal Mashburn,/players/m/mashbja01.html,SF,6-8,240,November 29, 1972,us,2,University of Kentucky,/friv/colleges.fcgi?college=kentucky,
DAL,21,George McCloud,/players/m/mccloge01.html,SF,6-6,205,May 27, 1967,us,5,Florida State University,/friv/colleges.fcgi?college=floridast,
DAL,40,Loren Meyer,/players/m/meyerlo01.html,C,6-10,257,December 30, 1972,us,R,Iowa State University,/friv/colleges.fcgi?college=iowast,
DAL,4,Cherokee Parks,/players/p/parksch02.html,C,6-11,235,October 11, 1972,us,R,Duke University,/friv/colleges.fcgi?college=duke,
DAL,50,Reggie Slater,/players/s/slatere01.html,PF,6-7,215,August 27, 1970,us,1,University of Wyoming,/friv/colleges.fcgi?college=wyoming,
DAL,44,Lorenzo Williams,/players/w/willilo01.html,C,6-9,200,July 15, 1969,us,3,Stetson University,/friv/colleges.fcgi?college=stetson,
DAL,10,David Wood,/players/w/woodda01.html,PF,6-9,227,November 30, 1964,us,5,University of Nevada, Reno,/friv/colleges.fcgi?college=nevada,
DEN,1,Mahmoud Abdul-Rauf,/players/a/abdulma02.html,PG,6-1,162,March 9, 1969,us,5,Louisiana State University,/friv/colleges.fcgi?college=lsu,
DEN,8,Rastko Cvetkovi,/players/c/cvetkra01.html,C,7-1,260,June 22, 1970,rs,R,,
DEN,3,Dale Ellis,/players/e/ellisda01.html,SF,6-7,205,August 6, 1960,us,12,University of Tennessee,/friv/colleges.fcgi?college=tennessee,
DEN,20,LaPhonso Ellis,/players/e/ellisla01.html,SF,6-8,240,May 5, 1970,us,3,University of Notre Dame,/friv/colleges.fcgi?college=notredame,
DEN,50,Matt Fish,/players/f/fishma01.html,C,6-11,235,November 18, 1969,us,1,University of North Carolina at Wilmington,/friv/colleges.fcgi?college=uncwilm,
DEN,9,Greg Grant,/players/g/grantgr01.html,PG,5-7,140,August 29, 1966,us,5,Trenton State University,/friv/colleges.fcgi?college=trentonst,
DEN,21,Tom Hammonds,/players/h/hammoto01.html,PF,6-9,215,March 27, 1967,us,6,Georgia Institute of Technology,/friv/colleges.fcgi?college=gatech,
DEN,7,Don MacLean,/players/m/macledo01.html,SF,6-10,235,January 16, 1970,us,3,University of California, Los Angeles,/friv/colleges.fcgi?college=ucla,
DEN,24,Antonio McDyess,/players/m/mcdyean01.html,PF,6-9,220,September 7, 1974,us,R,University of Alabama,/friv/colleges.fcgi?college=alabama,
DEN,55,Dikembe Mutombo,/players/m/mutomdi01.html,C,7-2,245,June 25, 1966,cd,4,Georgetown University,/friv/colleges.fcgi?college=georgetown,
DEN,11,Doug Overton,/players/o/overtdo01.html,PG,6-3,190,August 3, 1969,us,3,La Salle University,/friv/colleges.fcgi?college=lasalle,
DEN,5,Jalen Rose,/players/r/roseja01.html,SG,6-8,210,January 30, 1973,us,1,University of Michigan,/friv/colleges.fcgi?college=michigan,
DEN,35,Reggie Slater,/players/s/slatere01.html,PF,6-7,215,August 27, 1970,us,1,University of Wyoming,/friv/colleges.fcgi?college=wyoming,
DEN,27,Elmore Spencer,/players/s/spencel01.html,C,7-0,270,December 6, 1969,us,3,University of Georgia, University of Nevada, Las Vegas,/friv/colleges.fcgi?college=georgia,/friv/colleges.fcgi?college=unlv,
DEN,23,Bryant Stith,/players/s/stithbr01.html,SG,6-5,208,December 10, 1970,us,3,University of Virginia,/friv/colleges.fcgi?college=virginia,
DEN,34,Reggie Williams,/players/w/willire01.html,SF,6-7,190,March 5, 1964,us,8,Georgetown University,/friv/colleges.fcgi?college=georgetown,
DEN,10,Randy Woods,/players/w/woodsra01.html,PG,5-10,185,September 23, 1970,us,3,La Salle University,/friv/colleges.fcgi?college=lasalle,
DET,25,Steve Bardo,/players/b/bardost01.html,SG,6-5,190,April 5, 1968,us,2,University of Illinois at Urbana-Champaign,/friv/colleges.fcgi?college=illinois,
DET,12,Michael Curry,/players/c/currymi01.html,SG,6-5,210,August 22, 1968,us,1,Georgia Southern University,/friv/colleges.fcgi?college=georgiasou,
DET,4,Joe Dumars,/players/d/dumarjo01.html,PG,6-3,190,May 24, 1963,us,10,McNeese State University,/friv/colleges.fcgi?college=mcneese,
DET,33,Grant Hill,/players/h/hillgr01.html,SF,6-8,225,October 5, 1972,us,1,Duke University,/friv/colleges.fcgi?college=duke,
DET,20,Allan Houston,/players/h/houstal01.html,SG,6-6,200,April 20, 1971,us,2,University of Tennessee,/friv/colleges.fcgi?college=tennessee,
DET,1,Lindsey Hunter,/players/h/hunteli01.html,PG,6-2,170,December 3, 1970,us,2,Alcorn State University, Jackson State University,/friv/colleges.fcgi?college=alcornst,/friv/colleges.fcgi?college=jacksonst,
DET,45,Eric Leckner,/players/l/leckner01.html,C,6-11,265,May 27, 1966,us,6,University of Wyoming,/friv/colleges.fcgi?college=wyoming,
DET,2,Mark Macon,/players/m/maconma01.html,PG,6-5,185,April 14, 1969,us,4,Temple University,/friv/colleges.fcgi?college=temple,
DET,6,Terry Mills,/players/m/millste01.html,PF,6-10,230,December 21, 1967,us,5,University of Michigan,/friv/colleges.fcgi?college=michigan,
DET,42,Theo Ratliff,/players/r/ratlith01.html,C,6-10,225,April 17, 1973,us,R,University of Wyoming,/friv/colleges.fcgi?college=wyoming,
DET,52,Don Reid,/players/r/reiddo01.html,PF,6-8,250,December 30, 1973,us,R,Georgetown University,/friv/colleges.fcgi?college=georgetown,
DET,3,Lou Roe,/players/r/roelo01.html,SF,6-7,220,July 14, 1972,us,R,University of Massachusetts Amherst,/friv/colleges.fcgi?college=umass,
DET,50,Otis Thorpe,/players/t/thorpot01.html,PF,6-9,225,August 5, 1962,us,11,Providence College,/friv/colleges.fcgi?college=providence,
DET,41,Mark West,/players/w/westma01.html,C,6-10,230,November 5, 1960,us,12,Old Dominion University,/friv/colleges.fcgi?college=olddom,
GSW,11,B.J. Armstrong,/players/a/armstbj01.html,PG,6-2,175,September 9, 1967,us,6,University of Iowa,/friv/colleges.fcgi?college=iowa,
GSW,20,Jon Barry,/players/b/barryjo01.html,SG,6-4,195,July 25, 1969,us,3,University of the Pacific, Georgia Institute of Technology,/friv/colleges.fcgi?college=pacific,/friv/colleges.fcgi?college=gatech,
GSW,21,Robert Churchwell,/players/c/churcro01.html,SG,6-6,195,February 20, 1972,us,R,Georgetown University,/friv/colleges.fcgi?college=georgetown,
GSW,12,Bimbo Coles,/players/c/colesbi01.html,PG,6-1,180,April 22, 1968,us,5,Virginia Polytechnic Institute and State University,/friv/colleges.fcgi?college=vatech,
GSW,55,Andrew DeClercq,/players/d/declean01.html,C,6-10,230,February 1, 1973,us,R,University of Florida,/friv/colleges.fcgi?college=florida,
GSW,25,Chris Gatling,/players/g/gatlich01.html,PF,6-10,220,September 3, 1967,us,4,Old Dominion University,/friv/colleges.fcgi?college=olddom,
GSW,43,Geert Hammink,/players/h/hammige01.html,C,7-0,262,July 12, 1969,nl,2,Louisiana State University,/friv/colleges.fcgi?college=lsu,
GSW,10,Tim Hardaway,/players/h/hardati01.html,PG,6-0,175,September 1, 1966,us,5,University of Texas at El Paso,/friv/colleges.fcgi?college=utep,
GSW,7,Jerome Kersey,/players/k/kerseje01.html,SF,6-7,215,June 26, 1962,us,11,Longwood University,/friv/colleges.fcgi?college=longwood,
GSW,3,Donyell Marshall,/players/m/marshdo01.html,SF,6-9,218,May 18, 1973,us,1,University of Connecticut,/friv/colleges.fcgi?college=uconn,
GSW,17,Chris Mullin,/players/m/mullich01.html,SF,6-6,200,July 30, 1963,us,10,St. John's University,/friv/colleges.fcgi?college=stjohns,
GSW,44,Clifford Rozier,/players/r/roziecl01.html,C,6-11,245,October 31, 1972,us,1,University of North Carolina, University of Louisville,/friv/colleges.fcgi?college=unc,/friv/colleges.fcgi?college=louisville,
GSW,4,Rony Seikaly,/players/s/seikaro01.html,C,6-11,230,May 10, 1965,lb,7,Syracuse University,/friv/colleges.fcgi?college=syracuse,
GSW,32,Joe Smith,/players/s/smithjo02.html,PF,6-10,225,July 26, 1975,us,R,University of Maryland,/friv/colleges.fcgi?college=maryland,
GSW,15,Latrell Sprewell,/players/s/sprewla01.html,SG,6-5,190,September 8, 1970,us,3,University of Alabama,/friv/colleges.fcgi?college=alabama,
GSW,41,Kevin Willis,/players/w/willike02.html,PF,7-0,220,September 6, 1962,us,10,Michigan State University,/friv/colleges.fcgi?college=michiganst,
GSW,12,David Wood,/players/w/woodda01.html,PF,6-9,227,November 30, 1964,us,5,University of Nevada, Reno,/friv/colleges.fcgi?college=nevada,
HOU,9,Melvin Booker,/players/b/bookeme01.html,PG,6-1,185,August 20, 1972,us,R,University of Missouri,/friv/colleges.fcgi?college=missouri,
HOU,15,Tim Breaux,/players/b/breauti01.html,SF,6-7,215,September 19, 1970,us,1,University of Wyoming,/friv/colleges.fcgi?college=wyoming,
HOU,52,Chucky Brown,/players/b/brownch01.html,PF,6-7,214,February 29, 1968,us,6,North Carolina State University,/friv/colleges.fcgi?college=ncstate,
HOU,2,Mark Bryant,/players/b/bryanma01.html,PF,6-9,245,April 25, 1965,us,7,Seton Hall University,/friv/colleges.fcgi?college=setonhall,
HOU,10,Sam Cassell,/players/c/cassesa01.html,PG,6-3,185,November 18, 1969,us,2,Florida State University,/friv/colleges.fcgi?college=floridast,
HOU,32,Pete Chilcutt,/players/c/chilcpe01.html,PF,6-10,230,September 14, 1968,us,4,University of North Carolina,/friv/colleges.fcgi?college=unc,
HOU,22,Clyde Drexler,/players/d/drexlcl01.html,SG,6-7,210,June 22, 1962,us,12,University of Houston,/friv/colleges.fcgi?college=houston,
HOU,17,Mario Elie,/players/e/eliema01.html,SF,6-5,210,November 26, 1963,us,5,American International College,/friv/colleges.fcgi?college=amerintl,
HOU,55,Alvin Heggs,/players/h/heggsal01.html,SF,6-8,225,December 12, 1967,us,R,University of Texas at Austin,/friv/colleges.fcgi?college=texas,
HOU,25,Robert Horry,/players/h/horryro01.html,SF,6-9,220,August 25, 1970,us,3,University of Alabama,/friv/colleges.fcgi?college=alabama,
HOU,12,Jaren Jackson,/players/j/jacksja01.html,SG,6-4,190,October 27, 1967,us,5,Georgetown University,/friv/colleges.fcgi?college=georgetown,
HOU,21,Henry James,/players/j/jameshe01.html,PF,6-8,220,July 29, 1965,us,4,South Plains College, St. Mary's University,/friv/colleges.fcgi?college=splains,/friv/colleges.fcgi?college=stmarytx,
HOU,27,Charles Jones,/players/j/jonesch01.html,PF,6-9,215,April 3, 1957,us,12,Albany State University,/friv/colleges.fcgi?college=albanyst,
HOU,4,Sam Mack,/players/m/macksa01.html,SF,6-7,220,May 26, 1970,us,1,Iowa State University, Tyler Junior College, University of Houston,/friv/colleges.fcgi?college=iowast,/friv/colleges.fcgi?college=tylerjc,/friv/colleges.fcgi?college=houston,
HOU,20,Tracy Moore,/players/m/mooretr01.html,SG,6-4,200,December 28, 1965,us,3,University of Tulsa,/friv/colleges.fcgi?college=tulsa,
HOU,34,Hakeem Olajuwon,/players/o/olajuha01.html,C,7-0,255,January 21, 1963,ng,11,University of Houston,/friv/colleges.fcgi?college=houston,
HOU,3,Eldridge Recasner,/players/r/recasel01.html,SG,6-3,190,December 14, 1967,us,1,University of Washington,/friv/colleges.fcgi?college=washington,
HOU,30,Kenny Smith,/players/s/smithke01.html,PG,6-3,170,March 8, 1965,us,8,University of North Carolina,/friv/colleges.fcgi?college=unc,
IND,4,Travis Best,/players/b/besttr01.html,PG,5-11,182,July 12, 1972,us,R,Georgia Institute of Technology,/friv/colleges.fcgi?college=gatech,
IND,50,Adrian Caldwell,/players/c/caldwad01.html,PF,6-8,265,July 4, 1966,us,3,Southern Methodist University, Lamar University,/friv/colleges.fcgi?college=smethodist,/friv/colleges.fcgi?college=lamar,
IND,33,Antonio Davis,/players/d/davisan01.html,PF,6-9,215,October 31, 1968,us,2,University of Texas at El Paso,/friv/colleges.fcgi?college=utep,
IND,32,Dale Davis,/players/d/davisda01.html,PF,6-11,230,March 25, 1969,us,4,Clemson University,/friv/colleges.fcgi?college=clemson,
IND,27,Duane Ferrell,/players/f/ferredu01.html,SF,6-7,209,February 28, 1965,us,7,Georgia Institute of Technology,/friv/colleges.fcgi?college=gatech,
IND,20,Fred Hoiberg,/players/h/hoibefr01.html,SG,6-4,203,October 15, 1972,us,R,Iowa State University,/friv/colleges.fcgi?college=iowast,
IND,13,Mark Jackson,/players/j/jacksma01.html,PG,6-1,180,April 1, 1965,us,8,St. John's University,/friv/colleges.fcgi?college=stjohns,
IND,8,Eddie Johnson,/players/j/johnsed03.html,SF,6-7,215,May 1, 1959,us,13,University of Illinois at Urbana-Champaign,/friv/colleges.fcgi?college=illinois,
IND,9,Derrick McKey,/players/m/mckeyde01.html,SF,6-9,205,October 10, 1966,us,8,University of Alabama,/friv/colleges.fcgi?college=alabama,
IND,31,Reggie Miller,/players/m/millere01.html,SG,6-7,185,August 24, 1965,us,8,University of California, Los Angeles,/friv/colleges.fcgi?college=ucla,
IND,22,Ricky Pierce,/players/p/piercri01.html,SG,6-4,205,August 19, 1959,us,13,Rice University,/friv/colleges.fcgi?college=rice,
IND,55,Dwayne Schintzius,/players/s/schindw01.html,C,7-1,260,October 14, 1968,us,5,University of Florida,/friv/colleges.fcgi?college=florida,
IND,45,Rik Smits,/players/s/smitsri01.html,C,7-4,250,August 23, 1966,nl,7,Marist College,/friv/colleges.fcgi?college=marist,
IND,3,Haywoode Workman,/players/w/workmha01.html,PG,6-2,180,January 23, 1966,us,4,Winston-Salem State University, Oral Roberts University,/friv/colleges.fcgi?college=winstsalst,/friv/colleges.fcgi?college=oralrob,
LAC,31,Brent Barry,/players/b/barrybr01.html,SG,6-6,185,December 31, 1971,us,R,Oregon State University,/friv/colleges.fcgi?college=oregonst,
LAC,24,Terry Dehere,/players/d/deherte01.html,PG,6-2,190,September 12, 1971,us,2,Seton Hall University,/friv/colleges.fcgi?college=setonhall,
LAC,8,Bison Dele,/players/d/delebi01.html,C,6-9,235,April 6, 1969,us,4,University of Maryland, University of Arizona,/friv/colleges.fcgi?college=maryland,/friv/colleges.fcgi?college=arizona,
LAC,40,Antonio Harvey,/players/h/harvean01.html,PF,6-11,225,July 6, 1970,us,2,Southern Illinois University, University of Georgia, Pfeiffer University,/friv/colleges.fcgi?college=sillinois,/friv/colleges.fcgi?college=georgia,/friv/colleges.fcgi?college=pfeiffer,
LAC,7,Lamond Murray,/players/m/murrala01.html,SF,6-7,236,April 20, 1973,us,1,University of California,/friv/colleges.fcgi?college=california,
LAC,45,Bo Outlaw,/players/o/outlabo01.html,PF,6-8,210,April 13, 1971,us,2,South Plains College, University of Houston,/friv/colleges.fcgi?college=splains,/friv/colleges.fcgi?college=houston,
LAC,52,Eric Piatkowski,/players/p/piatker01.html,SG,6-7,215,September 30, 1970,us,1,University of Nebraska,/friv/colleges.fcgi?college=nebraska,
LAC,2,Pooh Richardson,/players/r/richapo01.html,PG,6-1,180,May 14, 1966,us,6,University of California, Los Angeles,/friv/colleges.fcgi?college=ucla,
LAC,53,Stanley Roberts,/players/r/roberst01.html,C,7-0,285,February 7, 1970,us,3,Louisiana State University,/friv/colleges.fcgi?college=lsu,
LAC,54,Rodney Rogers,/players/r/rogerro01.html,SF,6-7,235,June 20, 1971,us,2,Wake Forest University,/friv/colleges.fcgi?college=wake,
LAC,21,Malik Sealy,/players/s/sealyma01.html,SF,6-8,190,February 1, 1970,us,3,St. John's University,/friv/colleges.fcgi?college=stjohns,
LAC,51,Keith Tower,/players/t/towerke01.html,C,6-11,250,May 15, 1970,us,2,University of Notre Dame,/friv/colleges.fcgi?college=notredame,
LAC,25,Logan Vander Velden,/players/v/vandelo01.html,SF,6-8,215,April 3, 1971,us,R,University of Wisconsin-Green Bay,/friv/colleges.fcgi?college=wiscgb,
LAC,35,Loy Vaught,/players/v/vaughlo01.html,PF,6-9,230,February 27, 1968,us,5,University of Michigan,/friv/colleges.fcgi?college=michigan,
LAL,43,Corie Blount,/players/b/blounco01.html,PF,6-9,240,January 4, 1969,us,2,University of Cincinnati,/friv/colleges.fcgi?college=cincy,
LAL,41,Elden Campbell,/players/c/campbel01.html,PF,6-11,215,July 23, 1968,us,5,Clemson University,/friv/colleges.fcgi?college=clemson,
LAL,23,Cedric Ceballos,/players/c/cebalce01.html,SF,6-6,190,August 2, 1969,us,5,California State University, Fullerton,/friv/colleges.fcgi?college=calstfull,
LAL,12,Vlade Divac,/players/d/divacvl01.html,C,7-1,243,February 3, 1968,rs,6,,
LAL,32,Magic Johnson,/players/j/johnsma02.html,PF,6-9,215,August 14, 1959,us,12,Michigan State University,/friv/colleges.fcgi?college=michiganst,
LAL,25,Eddie Jones,/players/j/jonesed02.html,SG,6-6,190,October 20, 1971,us,1,Temple University,/friv/colleges.fcgi?college=temple,
LAL,4,Frankie King,/players/k/kingfr01.html,PG,6-1,185,June 6, 1972,us,R,Western Carolina University,/friv/colleges.fcgi?college=wcarolina,
LAL,34,George Lynch,/players/l/lynchge01.html,SF,6-8,218,September 3, 1970,us,2,University of North Carolina,/friv/colleges.fcgi?college=unc,
LAL,2,Anthony Miller,/players/m/millean01.html,PF,6-9,225,October 22, 1971,us,1,Michigan State University,/friv/colleges.fcgi?college=michiganst,
LAL,1,Anthony Peeler,/players/p/peelean01.html,SG,6-4,208,November 25, 1969,us,3,University of Missouri,/friv/colleges.fcgi?college=missouri,
LAL,24,Fred Roberts,/players/r/roberfr01.html,C,6-10,218,August 14, 1960,us,11,Brigham Young University,/friv/colleges.fcgi?college=byu,
LAL,7,Derek Strong,/players/s/stronde01.html,PF,6-8,220,February 9, 1968,us,4,Xavier University,/friv/colleges.fcgi?college=xavier,
LAL,3,Sedale Threatt,/players/t/threase01.html,PG,6-2,175,September 10, 1961,us,12,West Virginia University Institute of Technology,/friv/colleges.fcgi?college=wvtech,
LAL,9,Nick Van Exel,/players/v/vanexni01.html,PG,6-1,170,November 27, 1971,us,2,Trinity Valley Community College, University of Cincinnati,/friv/colleges.fcgi?college=trinvallcc,/friv/colleges.fcgi?college=cincy,
MIA,2,Keith Askins,/players/a/askinke01.html,SF,6-7,197,December 15, 1967,us,5,University of Alabama,/friv/colleges.fcgi?college=alabama,
MIA,7,Rex Chapman,/players/c/chapmre01.html,SG,6-4,185,October 5, 1967,us,7,University of Kentucky,/friv/colleges.fcgi?college=kentucky,
MIA,12,Bimbo Coles,/players/c/colesbi01.html,PG,6-1,180,April 22, 1968,us,5,Virginia Polytechnic Institute and State University,/friv/colleges.fcgi?college=vatech,
MIA,23,Tyrone Corbin,/players/c/corbity01.html,SF,6-6,210,December 31, 1962,us,10,DePaul University,/friv/colleges.fcgi?college=depaul,
MIA,5,Sasha Danilovi,/players/d/danilsa01.html,SG,6-5,200,February 26, 1970,ba,R,,
MIA,28,LeRon Ellis,/players/e/ellisle02.html,C,6-9,225,April 28, 1969,us,2,University of Kentucky, Syracuse University,/friv/colleges.fcgi?college=kentucky,/friv/colleges.fcgi?college=syracuse,
MIA,35,Kevin Gamble,/players/g/gamblke01.html,SF,6-5,210,November 13, 1965,us,8,University of Iowa,/friv/colleges.fcgi?college=iowa,
MIA,15,Chris Gatling,/players/g/gatlich01.html,PF,6-10,220,September 3, 1967,us,4,Old Dominion University,/friv/colleges.fcgi?college=olddom,
MIA,54,Ron Grandison,/players/g/grandro01.html,PF,6-6,215,July 9, 1964,us,3,University of California, Irvine, University of New Orleans,/friv/colleges.fcgi?college=ucirvine,/friv/colleges.fcgi?college=norleans,
MIA,10,Tim Hardaway,/players/h/hardati01.html,PG,6-0,175,September 1, 1966,us,5,University of Texas at El Paso,/friv/colleges.fcgi?college=utep,
MIA,21,Stacey King,/players/k/kingst01.html,PF,6-11,230,January 29, 1967,us,6,University of Oklahoma,/friv/colleges.fcgi?college=oklahoma,
MIA,22,Voshon Lenard,/players/l/lenarvo01.html,SG,6-4,205,May 14, 1973,us,R,University of Minnesota,/friv/colleges.fcgi?college=minnesota,
MIA,25,Jeff Malone,/players/m/malonje01.html,SG,6-4,205,June 28, 1961,us,12,Mississippi State University,/friv/colleges.fcgi?college=missst,
MIA,33,Alonzo Mourning,/players/m/mournal01.html,C,6-10,240,February 8, 1970,us,3,Georgetown University,/friv/colleges.fcgi?college=georgetown,
MIA,20,Pete Myers,/players/m/myerspe01.html,SG,6-6,180,September 15, 1963,us,7,University of Arkansas at Little Rock,/friv/colleges.fcgi?college=arkansaslr,
MIA,30,Billy Owens,/players/o/owensbi01.html,SF,6-8,220,May 1, 1969,us,4,Syracuse University,/friv/colleges.fcgi?college=syracuse,
MIA,15,Terrence Rencher,/players/r/renchte01.html,PG,6-3,185,February 19, 1973,us,R,University of Texas at Austin,/friv/colleges.fcgi?college=texas,
MIA,24,Danny Schayes,/players/s/schayda01.html,C,6-11,235,May 10, 1959,us,14,Syracuse University,/friv/colleges.fcgi?college=syracuse,
MIA,14,Tony Smith,/players/s/smithto02.html,SG,6-3,185,June 14, 1968,us,5,Marquette University,/friv/colleges.fcgi?college=marquette,
MIA,40,Kurt Thomas,/players/t/thomaku01.html,PF,6-9,230,October 4, 1972,us,R,Texas Christian University,/friv/colleges.fcgi?college=txchrist,
MIA,42,Walt Williams,/players/w/williwa02.html,SF,6-8,219,April 16, 1970,us,3,University of Maryland,/friv/colleges.fcgi?college=maryland,
MIA,42,Kevin Willis,/players/w/willike02.html,PF,7-0,220,September 6, 1962,us,10,Michigan State University,/friv/colleges.fcgi?college=michiganst,
MIL,42,Vin Baker,/players/b/bakervi01.html,PF,6-11,232,November 23, 1971,us,2,University of Hartford,/friv/colleges.fcgi?college=hartford,
MIL,7,Benoit Benjamin,/players/b/benjabe01.html,C,7-0,250,November 22, 1964,us,10,Creighton University,/friv/colleges.fcgi?college=creighton,
MIL,30,Marty Conlon,/players/c/conloma01.html,C,6-10,224,January 19, 1968,us,4,Providence College,/friv/colleges.fcgi?college=providence,
MIL,34,Terry Cummings,/players/c/cummite01.html,PF,6-9,220,March 15, 1961,us,13,DePaul University,/friv/colleges.fcgi?college=depaul,
MIL,10,Todd Day,/players/d/dayto01.html,SG,6-6,188,January 7, 1970,us,3,University of Arkansas,/friv/colleges.fcgi?college=arkansas,
MIL,20,Sherman Douglas,/players/d/douglsh01.html,PG,6-0,180,September 15, 1966,us,6,Syracuse University,/friv/colleges.fcgi?college=syracuse,
MIL,00,Kevin Duckworth,/players/d/duckwke01.html,C,7-0,275,April 1, 1964,us,9,Eastern Illinois University,/friv/colleges.fcgi?college=eillinois,
MIL,31,Randolph Keys,/players/k/keysra01.html,SF,6-7,195,April 19, 1966,us,4,University of Southern Mississippi,/friv/colleges.fcgi?college=smiss,
MIL,53,Alton Lister,/players/l/listeal01.html,C,7-0,240,October 1, 1958,us,13,Arizona State University,/friv/colleges.fcgi?college=arizonast,
MIL,11,Lee Mayberry,/players/m/maybele01.html,PG,6-1,172,June 12, 1970,us,3,University of Arkansas,/friv/colleges.fcgi?college=arkansas,
MIL,52,Eric Mobley,/players/m/mobleer01.html,C,6-11,235,February 1, 1970,us,1,University of Pittsburgh,/friv/colleges.fcgi?college=pitt,
MIL,5,Eric Murdock,/players/m/murdoer01.html,PG,6-1,190,June 14, 1968,us,4,Providence College,/friv/colleges.fcgi?college=providence,
MIL,22,Johnny Newman,/players/n/newmajo01.html,SG,6-7,190,November 28, 1963,us,9,University of Richmond,/friv/colleges.fcgi?college=richmond,
MIL,54,Mike Peplowski,/players/p/peplomi01.html,C,6-10,270,October 15, 1970,us,2,Michigan State University,/friv/colleges.fcgi?college=michiganst,
MIL,3,Shawn Respert,/players/r/respesh01.html,SG,6-1,195,February 6, 1972,us,R,Michigan State University,/friv/colleges.fcgi?college=michiganst,
MIL,44,Jerry Reynolds,/players/r/reynoje01.html,SF,6-8,200,December 23, 1962,us,7,Louisiana State University,/friv/colleges.fcgi?college=lsu,
MIL,13,Glenn Robinson,/players/r/robingl01.html,SF,6-7,225,January 10, 1973,us,1,Purdue University,/friv/colleges.fcgi?college=purdue,
MIN,53,Jerome Allen,/players/a/allenje01.html,SG,6-4,184,January 28, 1973,us,R,University of Pennsylvania,/friv/colleges.fcgi?college=upenn,
MIN,33,Marques Bragg,/players/b/braggma01.html,PF,6-8,230,March 24, 1970,us,R,Providence College,/friv/colleges.fcgi?college=providence,
MIN,7,Mark Davis,/players/d/davisma02.html,SF,6-7,210,April 26, 1973,us,R,Howard College, Texas Tech University,/friv/colleges.fcgi?college=howardcoll,/friv/colleges.fcgi?college=txtech,
MIN,21,Kevin Garnett,/players/g/garneke01.html,SF,6-11,240,May 19, 1976,us,R,,
MIN,24,Tom Gugliotta,/players/g/guglito01.html,PF,6-10,240,December 19, 1969,us,3,North Carolina State University,/friv/colleges.fcgi?college=ncstate,
MIN,32,Christian Laettner,/players/l/laettch01.html,C,6-11,235,August 17, 1969,us,3,Duke University,/friv/colleges.fcgi?college=duke,
MIN,28,Andrew Lang,/players/l/langan01.html,C,6-11,245,June 28, 1966,us,7,University of Arkansas,/friv/colleges.fcgi?college=arkansas,
MIN,15,Darrick Martin,/players/m/martida01.html,PG,5-11,170,March 6, 1971,us,1,University of California, Los Angeles,/friv/colleges.fcgi?college=ucla,
MIN,42,Sam Mitchell,/players/m/mitchsa01.html,SF,6-6,210,September 2, 1963,us,6,Mercer University,/friv/colleges.fcgi?college=mercer,
MIN,30,Terry Porter,/players/p/portete01.html,PG,6-3,195,April 8, 1963,us,10,University of Wisconsin-Stevens Point,/friv/colleges.fcgi?college=wiscsp,
MIN,34,Isaiah Rider,/players/r/rideris01.html,SG,6-5,215,March 12, 1971,us,2,University of Nevada, Las Vegas,/friv/colleges.fcgi?college=unlv,
MIN,40,Eric Riley,/players/r/rileyer01.html,C,7-0,245,June 2, 1970,us,2,University of Michigan,/friv/colleges.fcgi?college=michigan,
MIN,45,Sean Rooks,/players/r/rooksse01.html,C,6-10,250,September 9, 1969,us,3,University of Arizona,/friv/colleges.fcgi?college=arizona,
MIN,3,Charles Smith,/players/s/smithch02.html,PG,6-1,160,November 29, 1967,us,2,Georgetown University,/friv/colleges.fcgi?college=georgetown,
MIN,4,Spud Webb,/players/w/webbsp01.html,PG,5-6,133,July 13, 1963,us,10,Midland College, North Carolina State University,/friv/colleges.fcgi?college=midlandcc,/friv/colleges.fcgi?college=ncstate,
MIN,5,Doug West,/players/w/westdo01.html,SG,6-6,200,May 27, 1967,us,6,Villanova University,/friv/colleges.fcgi?college=villanova,
MIN,4,Micheal Williams,/players/w/willimi02.html,PG,6-2,175,July 23, 1966,us,7,Baylor University,/friv/colleges.fcgi?college=baylor,
NJN,7,Kenny Anderson,/players/a/anderke01.html,PG,6-0,168,October 9, 1970,us,4,Georgia Institute of Technology,/friv/colleges.fcgi?college=gatech,
NJN,45,Shawn Bradley,/players/b/bradlsh01.html,C,7-6,235,March 22, 1972,de,2,Brigham Young University,/friv/colleges.fcgi?college=byu,
NJN,42,P.J. Brown,/players/b/brownpj01.html,C,6-11,225,October 14, 1969,us,2,Louisiana Tech University,/friv/colleges.fcgi?college=latech,
NJN,1,Chris Childs,/players/c/childch01.html,PG,6-3,195,November 20, 1967,us,1,Boise State University,/friv/colleges.fcgi?college=boisest,
NJN,33,Yinka Dare,/players/d/dareyi01.html,C,7-0,265,October 10, 1972,ng,1,George Washington University,/friv/colleges.fcgi?college=georgewash,
NJN,21,Kevin Edwards,/players/e/edwarke01.html,SG,6-3,190,October 30, 1965,us,7,DePaul University,/friv/colleges.fcgi?college=depaul,
NJN,10,Vern Fleming,/players/f/flemive01.html,PG,6-5,185,February 4, 1962,us,11,University of Georgia,/friv/colleges.fcgi?college=georgia,
NJN,13,Kendall Gill,/players/g/gillke01.html,SG,6-5,195,May 25, 1968,us,5,University of Illinois at Urbana-Champaign,/friv/colleges.fcgi?college=illinois,
NJN,43,Armen Gilliam,/players/g/gilliar01.html,SF,6-9,230,May 28, 1964,us,8,University of Nevada, Las Vegas,/friv/colleges.fcgi?college=unlv,
NJN,35,Gerald Glass,/players/g/glassge01.html,SF,6-5,221,November 12, 1967,us,3,Delta State University, University of Mississippi,/friv/colleges.fcgi?college=deltast,/friv/colleges.fcgi?college=olemiss,
NJN,20,Greg Graham,/players/g/grahagr01.html,SG,6-4,174,November 26, 1970,us,2,Indiana University,/friv/colleges.fcgi?college=indiana,
NJN,4,Rick Mahorn,/players/m/mahorri01.html,C,6-10,240,September 21, 1958,us,14,Hampton University,/friv/colleges.fcgi?college=hampton,
NJN,31,Ed O'Bannon,/players/o/obanned01.html,SG,6-8,222,August 14, 1972,us,R,University of California, Los Angeles,/friv/colleges.fcgi?college=ucla,
NJN,34,Tim Perry,/players/p/perryti01.html,PF,6-9,200,June 4, 1965,us,7,Temple University,/friv/colleges.fcgi?college=temple,
NJN,6,Khalid Reeves,/players/r/reevekh01.html,PG,6-3,199,July 15, 1972,us,1,University of Arizona,/friv/colleges.fcgi?college=arizona,
NJN,2,Rex Walters,/players/w/waltere01.html,SG,6-4,190,March 12, 1970,us,2,Northwestern University, University of Kansas,/friv/colleges.fcgi?college=nwestern,/friv/colleges.fcgi?college=kansas,
NJN,41,Robert Werdann,/players/w/werdaro01.html,C,6-11,250,September 12, 1970,us,1,St. John's University,/friv/colleges.fcgi?college=stjohns,
NJN,55,Jayson Williams,/players/w/willija01.html,PF,6-9,240,February 22, 1968,us,5,St. John's University,/friv/colleges.fcgi?college=stjohns,
NYK,40,Willie Anderson,/players/a/anderwi01.html,SG,6-7,190,January 8, 1967,us,7,University of Georgia,/friv/colleges.fcgi?college=georgia,
NYK,35,Doug Christie,/players/c/chrisdo01.html,SF,6-6,200,May 9, 1970,us,3,Pepperdine University,/friv/colleges.fcgi?college=pepperdine,
NYK,44,Hubert Davis,/players/d/davishu01.html,SG,6-5,183,May 17, 1970,us,3,University of North Carolina,/friv/colleges.fcgi?college=unc,
NYK,33,Patrick Ewing,/players/e/ewingpa01.html,C,7-0,240,August 5, 1962,jm,10,Georgetown University,/friv/colleges.fcgi?college=georgetown,
NYK,6,Matt Fish,/players/f/fishma01.html,C,6-11,235,November 18, 1969,us,1,University of North Carolina at Wilmington,/friv/colleges.fcgi?college=uncwilm,
NYK,20,Ron Grandison,/players/g/grandro01.html,PF,6-6,215,July 9, 1964,us,3,University of California, Irvine, University of New Orleans,/friv/colleges.fcgi?college=ucirvine,/friv/colleges.fcgi?college=norleans,
NYK,23,Gary Grant,/players/g/grantga01.html,PG,6-3,185,April 21, 1965,us,7,University of Michigan,/friv/colleges.fcgi?college=michigan,
NYK,11,Derek Harper,/players/h/harpede01.html,PG,6-4,185,October 13, 1961,us,12,University of Illinois at Urbana-Champaign,/friv/colleges.fcgi?college=illinois,
NYK,54,Brad Lohaus,/players/l/lohaubr01.html,PF,6-11,230,September 29, 1964,us,8,University of Iowa,/friv/colleges.fcgi?college=iowa,
NYK,14,Anthony Mason,/players/m/masonan01.html,SF,6-7,250,December 14, 1966,us,6,Tennessee State University,/friv/colleges.fcgi?college=tennst,
NYK,34,Charles Oakley,/players/o/oaklech01.html,PF,6-8,225,December 18, 1963,us,10,Virginia Union University,/friv/colleges.fcgi?college=vaunion,
NYK,7,J.R. Reid,/players/r/reidjr01.html,PF,6-9,247,March 31, 1968,us,6,University of North Carolina,/friv/colleges.fcgi?college=unc,
NYK,6,Charles Smith,/players/s/smithch01.html,PF,6-10,230,July 16, 1965,us,7,University of Pittsburgh,/friv/colleges.fcgi?college=pitt,
NYK,3,John Starks,/players/s/starkjo01.html,SG,6-3,180,August 10, 1965,us,6,Oklahoma State University,/friv/colleges.fcgi?college=okstate,
NYK,21,Charlie Ward,/players/w/wardch01.html,PG,6-2,190,October 12, 1970,us,1,Florida State University,/friv/colleges.fcgi?college=floridast,
NYK,32,Herb Williams,/players/w/willihe01.html,PF,6-10,242,February 16, 1958,us,14,Ohio State University,/friv/colleges.fcgi?college=ohiost,
NYK,41,Monty Williams,/players/w/willimo01.html,SF,6-8,225,October 8, 1971,us,1,University of Notre Dame,/friv/colleges.fcgi?college=notredame,
ORL,25,Nick Anderson,/players/a/anderni01.html,SG,6-6,205,January 20, 1968,us,6,University of Illinois at Urbana-Champaign,/friv/colleges.fcgi?college=illinois,
ORL,10,Darrell Armstrong,/players/a/armstda01.html,PG,6-0,170,June 22, 1968,us,1,Fayetteville State University,/friv/colleges.fcgi?college=fayetvilst,
ORL,24,Anthony Bonner,/players/b/bonnean01.html,PF,6-8,215,June 8, 1968,us,5,Saint Louis University,/friv/colleges.fcgi?college=stlouis,
ORL,14,Anthony Bowie,/players/b/bowiean01.html,SG,6-6,190,November 9, 1963,us,6,University of Oklahoma,/friv/colleges.fcgi?college=oklahoma,
ORL,54,Horace Grant,/players/g/grantho01.html,PF,6-10,215,July 4, 1965,us,8,Clemson University,/friv/colleges.fcgi?college=clemson,
ORL,43,Geert Hammink,/players/h/hammige01.html,C,7-0,262,July 12, 1969,nl,2,Louisiana State University,/friv/colleges.fcgi?college=lsu,
ORL,1,Anfernee Hardaway,/players/h/hardaan01.html,PG,6-7,195,July 18, 1971,us,2,University of Memphis,/friv/colleges.fcgi?college=memphis,
ORL,45,Jon Koncak,/players/k/koncajo01.html,C,7-0,250,May 17, 1963,us,10,Southern Methodist University,/friv/colleges.fcgi?college=smethodist,
ORL,32,Shaquille O'Neal,/players/o/onealsh01.html,C,7-1,325,March 6, 1972,us,3,Louisiana State University,/friv/colleges.fcgi?college=lsu,
ORL,5,Donald Royal,/players/r/royaldo01.html,SF,6-8,210,May 22, 1966,us,5,University of Notre Dame,/friv/colleges.fcgi?college=notredame,
ORL,3,Dennis Scott,/players/s/scottde01.html,SF,6-8,229,September 5, 1968,us,5,Georgia Institute of Technology,/friv/colleges.fcgi?college=gatech,
ORL,20,Brian Shaw,/players/s/shawbr01.html,PG,6-6,190,March 22, 1966,us,6,Saint Mary's College of California, University of California, Santa Barbara,/friv/colleges.fcgi?college=stmarysca,/friv/colleges.fcgi?college=ucsb,
ORL,22,Brooks Thompson,/players/t/thompbr01.html,PG,6-4,193,July 19, 1970,us,1,Texas A&M University, Oklahoma State University,/friv/colleges.fcgi?college=texasam,/friv/colleges.fcgi?college=okstate,
ORL,31,Jeff Turner,/players/t/turneje01.html,PF,6-9,230,April 9, 1962,us,9,Vanderbilt University,/friv/colleges.fcgi?college=vandy,
ORL,42,David Vaughn,/players/v/vaughda02.html,PF,6-9,240,March 23, 1973,us,R,University of Memphis,/friv/colleges.fcgi?college=memphis,
ORL,12,Joe Wolf,/players/w/wolfjo01.html,PF,6-11,230,December 17, 1964,us,7,University of North Carolina,/friv/colleges.fcgi?college=unc,
PHI,21,Derrick Alston,/players/a/alstode01.html,C,6-11,225,August 20, 1972,us,1,Duquesne University,/friv/colleges.fcgi?college=duquesne,
PHI,5,Elmer Bennett,/players/b/benneel01.html,PG,6-0,170,February 13, 1970,us,1,University of Notre Dame,/friv/colleges.fcgi?college=notredame,
PHI,76,Shawn Bradley,/players/b/bradlsh01.html,C,7-6,235,March 22, 1972,de,2,Brigham Young University,/friv/colleges.fcgi?college=byu,
PHI,40,Mike Brown,/players/b/brownmi01.html,C,6-9,257,July 19, 1963,us,9,George Washington University,/friv/colleges.fcgi?college=georgewash,
PHI,44,Derrick Coleman,/players/c/colemde01.html,PF,6-10,230,June 21, 1967,us,5,Syracuse University,/friv/colleges.fcgi?college=syracuse,
PHI,7,Richard Dumas,/players/d/dumasri02.html,PF,6-7,200,May 19, 1969,us,2,Oklahoma State University,/friv/colleges.fcgi?college=okstate,
PHI,20,Greg Graham,/players/g/grahagr01.html,SG,6-4,174,November 26, 1970,us,2,Indiana University,/friv/colleges.fcgi?college=indiana,
PHI,3,Greg Grant,/players/g/grantgr01.html,PG,5-7,140,August 29, 1966,us,5,Trenton State University,/friv/colleges.fcgi?college=trentonst,
PHI,9,Sean Higgins,/players/h/higgise01.html,SF,6-9,205,December 30, 1968,us,4,University of Michigan,/friv/colleges.fcgi?college=michigan,
PHI,25,Jeff Malone,/players/m/malonje01.html,SG,6-4,205,June 28, 1961,us,12,Mississippi State University,/friv/colleges.fcgi?college=missst,
PHI,30,Tony Massenburg,/players/m/masseto01.html,PF,6-9,220,July 31, 1967,us,3,University of Maryland,/friv/colleges.fcgi?college=maryland,
PHI,11,Vernon Maxwell,/players/m/maxweve01.html,PG,6-4,180,September 12, 1965,us,7,University of Florida,/friv/colleges.fcgi?college=florida,
PHI,23,Tim Perry,/players/p/perryti01.html,PF,6-9,200,June 4, 1965,us,7,Temple University,/friv/colleges.fcgi?college=temple,
PHI,54,Ed Pinckney,/players/p/pincked01.html,PF,6-9,195,March 27, 1963,us,10,Villanova University,/friv/colleges.fcgi?college=villanova,
PHI,8,Trevor Ruffin,/players/r/ruffitr01.html,PG,6-1,185,September 26, 1970,us,1,University of Hawaii,/friv/colleges.fcgi?college=hawaii,
PHI,5,Scott Skiles,/players/s/skilesc01.html,PG,6-1,180,March 5, 1964,us,9,Michigan State University,/friv/colleges.fcgi?college=michiganst,
PHI,42,Jerry Stackhouse,/players/s/stackje01.html,SG,6-6,218,November 5, 1974,us,R,University of North Carolina,/friv/colleges.fcgi?college=unc,
PHI,20,Greg Sutton,/players/s/suttogr01.html,PG,6-2,170,December 3, 1967,us,2,Oral Roberts University,/friv/colleges.fcgi?college=oralrob,
PHI,41,LaSalle Thompson,/players/t/thompla01.html,C,6-10,245,June 23, 1961,us,13,University of Texas at Austin,/friv/colleges.fcgi?college=texas,
PHI,23,Rex Walters,/players/w/waltere01.html,SG,6-4,190,March 12, 1970,us,2,Northwestern University, University of Kansas,/friv/colleges.fcgi?college=nwestern,/friv/colleges.fcgi?college=kansas,
PHI,35,Clarence Weatherspoon,/players/w/weathcl01.html,SF,6-6,240,September 8, 1970,us,3,University of Southern Mississippi,/friv/colleges.fcgi?college=smiss,
PHI,55,Scott Williams,/players/w/willisc01.html,PF,6-10,230,March 21, 1968,us,5,University of North Carolina,/friv/colleges.fcgi?college=unc,
PHI,30,Trevor Wilson,/players/w/wilsotr01.html,PF,6-7,210,March 16, 1968,us,3,University of California, Los Angeles,/friv/colleges.fcgi?college=ucla,
PHI,4,Sharone Wright,/players/w/wrighsh01.html,C,6-11,260,January 30, 1973,us,1,Clemson University,/friv/colleges.fcgi?college=clemson,
PHO,34,Charles Barkley,/players/b/barklch01.html,PF,6-6,252,February 20, 1963,us,11,Auburn University,/friv/colleges.fcgi?college=auburn,
PHO,8,Mario Bennett,/players/b/bennema01.html,SF,6-6,235,August 1, 1973,us,R,Arizona State University,/friv/colleges.fcgi?college=arizonast,
PHO,43,Chris Carr,/players/c/carrch01.html,SG,6-5,207,March 12, 1974,us,R,Southern Illinois University,/friv/colleges.fcgi?college=sillinois,
PHO,40,John Coker,/players/c/cokerjo01.html,C,7-0,253,October 28, 1971,us,R,Boise State University,/friv/colleges.fcgi?college=boisest,
PHO,4,Michael Finley,/players/f/finlemi01.html,SF,6-7,215,March 6, 1973,us,R,University of Wisconsin,/friv/colleges.fcgi?college=wisconsin,
PHO,45,A.C. Green,/players/g/greenac01.html,SF,6-9,220,October 4, 1963,us,10,Oregon State University,/friv/colleges.fcgi?college=oregonst,
PHO,7,Kevin Johnson,/players/j/johnske02.html,PG,6-1,180,March 4, 1966,us,8,University of California,/friv/colleges.fcgi?college=california,
PHO,35,Joe Kleine,/players/k/kleinjo01.html,C,6-11,255,January 4, 1962,us,10,University of Notre Dame, University of Arkansas,/friv/colleges.fcgi?college=notredame,/friv/colleges.fcgi?college=arkansas,
PHO,15,Danny Manning,/players/m/mannida01.html,PF,6-10,230,May 17, 1966,us,7,University of Kansas,/friv/colleges.fcgi?college=kansas,
PHO,2,Elliot Perry,/players/p/perryel01.html,PG,6-0,150,March 28, 1969,us,3,University of Memphis,/friv/colleges.fcgi?college=memphis,
PHO,11,Wesley Person,/players/p/persowe01.html,SG,6-6,195,March 28, 1971,us,1,Auburn University,/friv/colleges.fcgi?college=auburn,
PHO,14,Terrence Rencher,/players/r/renchte01.html,PG,6-3,185,February 19, 1973,us,R,University of Texas at Austin,/friv/colleges.fcgi?college=texas,
PHO,51,Stefano Rusconi,/players/r/ruscost01.html,PF,6-9,240,October 2, 1968,it,R,,
PHO,14,Tony Smith,/players/s/smithto02.html,SG,6-3,185,June 14, 1968,us,5,Marquette University,/friv/colleges.fcgi?college=marquette,
PHO,23,Wayman Tisdale,/players/t/tisdawa01.html,PF,6-9,240,June 9, 1964,us,10,University of Oklahoma,/friv/colleges.fcgi?college=oklahoma,
PHO,18,Hot Rod Williams,/players/w/williho01.html,C,6-11,215,August 9, 1962,us,9,Tulane University,/friv/colleges.fcgi?college=tulane,
PHO,10,David Wood,/players/w/woodda01.html,PF,6-9,227,November 30, 1964,us,5,University of Nevada, Reno,/friv/colleges.fcgi?college=nevada,
POR,12,Randolph Childress,/players/c/childra01.html,PG,6-2,188,September 21, 1972,us,R,Wake Forest University,/friv/colleges.fcgi?college=wake,
POR,38,Anthony Cook,/players/c/cookan01.html,PF,6-9,205,March 19, 1967,us,3,University of Arizona,/friv/colleges.fcgi?college=arizona,
POR,24,Chris Dudley,/players/d/dudlech02.html,C,6-11,235,February 22, 1965,us,8,Yale University,/friv/colleges.fcgi?college=yale,
POR,44,Harvey Grant,/players/g/grantha01.html,PF,6-8,195,July 4, 1965,us,7,Clemson University, University of Oklahoma,/friv/colleges.fcgi?college=clemson,/friv/colleges.fcgi?college=oklahoma,
POR,23,Aaron McKie,/players/m/mckieaa01.html,SG,6-5,209,October 2, 1972,us,1,Temple University,/friv/colleges.fcgi?college=temple,
POR,3,Clifford Robinson,/players/r/robincl02.html,SF,6-10,225,December 16, 1966,us,6,University of Connecticut,/friv/colleges.fcgi?college=uconn,
POR,26,James Robinson,/players/r/robinja02.html,PG,6-2,180,August 31, 1970,us,2,University of Alabama,/friv/colleges.fcgi?college=alabama,
POR,21,Rumeal Robinson,/players/r/robinru01.html,PG,6-2,195,November 13, 1966,jm,4,University of Michigan,/friv/colleges.fcgi?college=michigan,
POR,11,Arvydas Sabonis,/players/s/sabonar01.html,C,7-3,279,December 19, 1964,lt,R,,
POR,40,Reggie Slater,/players/s/slatere01.html,PF,6-7,215,August 27, 1970,us,1,University of Wyoming,/friv/colleges.fcgi?college=wyoming,
POR,27,Elmore Spencer,/players/s/spencel01.html,C,7-0,270,December 6, 1969,us,3,University of Georgia, University of Nevada, Las Vegas,/friv/colleges.fcgi?college=georgia,/friv/colleges.fcgi?college=unlv,
POR,1,Rod Strickland,/players/s/stricro02.html,PG,6-3,175,July 11, 1966,us,7,DePaul University,/friv/colleges.fcgi?college=depaul,
POR,33,Gary Trent,/players/t/trentga01.html,PF,6-8,250,September 22, 1974,us,R,Ohio University,/friv/colleges.fcgi?college=ohio,
POR,52,Buck Williams,/players/w/willibu01.html,PF,6-8,215,March 8, 1960,us,14,University of Maryland,/friv/colleges.fcgi?college=maryland,
POR,10,Dontonio Wingfield,/players/w/wingfdo01.html,SF,6-8,256,June 23, 1974,us,1,University of Cincinnati,/friv/colleges.fcgi?college=cincy,
SAS,1,Cory Alexander,/players/a/alexaco01.html,PG,6-1,185,June 22, 1973,us,R,University of Virginia,/friv/colleges.fcgi?college=virginia,
SAS,33,Greg Anderson,/players/a/andergr01.html,PF,6-10,230,June 22, 1964,us,7,University of Houston,/friv/colleges.fcgi?college=houston,
SAS,15,Vinny Del Negro,/players/d/delnevi01.html,SG,6-4,185,August 9, 1966,us,5,North Carolina State University,/friv/colleges.fcgi?college=ncstate,
SAS,5,Dell Demps,/players/d/dempsde01.html,SG,6-3,205,February 12, 1970,us,1,University of the Pacific,/friv/colleges.fcgi?college=pacific,
SAS,32,Sean Elliott,/players/e/elliose01.html,SF,6-8,205,February 2, 1968,us,6,University of Arizona,/friv/colleges.fcgi?college=arizona,
SAS,11,Carl Herrera,/players/h/herreca01.html,PF,6-9,215,December 14, 1966,tt,4,Jacksonville University, University of Houston,/friv/colleges.fcgi?college=jacksonvil,/friv/colleges.fcgi?college=houston,
SAS,6,Avery Johnson,/players/j/johnsav01.html,PG,5-10,175,March 25, 1965,us,7,Cameron University, Southern University and A&M College,/friv/colleges.fcgi?college=cameronok,/friv/colleges.fcgi?college=southernu,
SAS,54,Brad Lohaus,/players/l/lohaubr01.html,PF,6-11,230,September 29, 1964,us,8,University of Iowa,/friv/colleges.fcgi?college=iowa,
SAS,41,Will Perdue,/players/p/perduwi01.html,C,7-0,240,August 29, 1965,us,7,Vanderbilt University,/friv/colleges.fcgi?college=vandy,
SAS,45,Chuck Person,/players/p/persoch01.html,SF,6-8,220,June 27, 1964,us,9,Auburn University,/friv/colleges.fcgi?college=auburn,
SAS,7,J.R. Reid,/players/r/reidjr01.html,PF,6-9,247,March 31, 1968,us,6,University of North Carolina,/friv/colleges.fcgi?college=unc,
SAS,25,Doc Rivers,/players/r/riverdo01.html,PG,6-4,185,October 13, 1961,us,12,Marquette University,/friv/colleges.fcgi?college=marquette,
SAS,50,David Robinson,/players/r/robinda01.html,C,7-1,235,August 6, 1965,us,6,United States Naval Academy,/friv/colleges.fcgi?college=navy,
SAS,54,Charles Smith,/players/s/smithch01.html,PF,6-10,230,July 16, 1965,us,7,University of Pittsburgh,/friv/colleges.fcgi?college=pitt,
SAS,3,Monty Williams,/players/w/willimo01.html,SF,6-8,225,October 8, 1971,us,1,University of Notre Dame,/friv/colleges.fcgi?college=notredame,
SAC,31,Duane Causwell,/players/c/causwdu01.html,C,7-0,240,May 31, 1968,us,5,Temple University,/friv/colleges.fcgi?college=temple,
SAC,23,Tyrone Corbin,/players/c/corbity01.html,SF,6-6,210,December 31, 1962,us,10,DePaul University,/friv/colleges.fcgi?college=depaul,
SAC,5,Tyus Edney,/players/e/edneyty01.html,PG,5-10,152,February 14, 1973,us,R,University of California, Los Angeles,/friv/colleges.fcgi?college=ucla,
SAC,40,Kevin Gamble,/players/g/gamblke01.html,SF,6-5,210,November 13, 1965,us,8,University of Iowa,/friv/colleges.fcgi?college=iowa,
SAC,33,Brian Grant,/players/g/grantbr01.html,PF,6-9,254,March 5, 1972,us,1,Xavier University,/friv/colleges.fcgi?college=xavier,
SAC,35,Byron Houston,/players/h/houstby01.html,PF,6-5,250,November 22, 1969,us,3,Oklahoma State University,/friv/colleges.fcgi?college=okstate,
SAC,7,Bobby Hurley,/players/h/hurlebo01.html,PG,6-0,165,June 28, 1971,us,2,Duke University,/friv/colleges.fcgi?college=duke,
SAC,13,arnas Mariulionis,/players/m/marcisa01.html,SG,6-5,200,June 13, 1964,lt,5,,
SAC,20,Clint McDaniel,/players/m/mcdancl01.html,SG,6-4,180,February 26, 1972,us,R,University of Arkansas,/friv/colleges.fcgi?college=arkansas,
SAC,30,Billy Owens,/players/o/owensbi01.html,SF,6-8,220,May 1, 1969,us,4,Syracuse University,/friv/colleges.fcgi?college=syracuse,
SAC,0,Olden Polynice,/players/p/polynol01.html,C,6-11,220,November 21, 1964,ht,8,University of Virginia,/friv/colleges.fcgi?college=virginia,
SAC,2,Mitch Richmond,/players/r/richmmi01.html,SG,6-5,215,June 30, 1965,us,7,Kansas State University,/friv/colleges.fcgi?college=kansasst,
SAC,22,Lionel Simmons,/players/s/simmoli01.html,SF,6-7,210,November 14, 1968,us,5,La Salle University,/friv/colleges.fcgi?college=lasalle,
SAC,34,Michael Smith,/players/s/smithmi02.html,PF,6-8,230,March 28, 1972,us,1,Providence College,/friv/colleges.fcgi?college=providence,
SAC,42,Walt Williams,/players/w/williwa02.html,SF,6-8,219,April 16, 1970,us,3,University of Maryland,/friv/colleges.fcgi?college=maryland,
SAC,4,Corliss Williamson,/players/w/willico02.html,SF,6-7,245,December 4, 1973,us,R,University of Arkansas,/friv/colleges.fcgi?college=arkansas,
SEA,2,Vincent Askew,/players/a/askewvi01.html,SG,6-6,210,February 28, 1966,us,6,University of Memphis,/friv/colleges.fcgi?college=memphis,
SEA,34,Frank Brickowski,/players/b/brickfr01.html,C,6-9,240,August 14, 1959,us,10,Pennsylvania State University,/friv/colleges.fcgi?college=pennst,
SEA,1,Sherell Ford,/players/f/fordsh01.html,SF,6-7,210,August 26, 1972,us,R,University of Illinois at Chicago,/friv/colleges.fcgi?college=illchicago,
SEA,33,Hersey Hawkins,/players/h/hawkihe01.html,SG,6-3,190,September 29, 1966,us,7,Bradley University,/friv/colleges.fcgi?college=bradley,
SEA,50,Ervin Johnson,/players/j/johnser02.html,C,6-11,245,December 21, 1967,us,2,University of New Orleans,/friv/colleges.fcgi?college=norleans,
SEA,40,Shawn Kemp,/players/k/kempsh01.html,PF,6-10,230,November 26, 1969,us,6,Trinity Valley Community College,/friv/colleges.fcgi?college=trinvallcc,
SEA,10,Nate McMillan,/players/m/mcmilna01.html,PG,6-5,195,August 3, 1964,us,9,North Carolina State University,/friv/colleges.fcgi?college=ncstate,
SEA,20,Gary Payton,/players/p/paytoga01.html,PG,6-4,180,July 23, 1968,us,5,Oregon State University,/friv/colleges.fcgi?college=oregonst,
SEA,14,Sam Perkins,/players/p/perkisa01.html,PF,6-9,235,June 14, 1961,us,11,University of North Carolina,/friv/colleges.fcgi?college=unc,
SEA,55,Steve Scheffler,/players/s/schefst01.html,C,6-9,250,September 3, 1967,us,5,Purdue University,/friv/colleges.fcgi?college=purdue,
SEA,11,Detlef Schrempf,/players/s/schrede01.html,SF,6-9,214,January 21, 1963,de,10,University of Washington,/friv/colleges.fcgi?college=washington,
SEA,3,Eric Snow,/players/s/snower01.html,PG,6-3,190,April 24, 1973,us,R,Michigan State University,/friv/colleges.fcgi?college=michiganst,
SEA,25,David Wingate,/players/w/wingada01.html,SG,6-5,185,December 15, 1963,us,9,Georgetown University,/friv/colleges.fcgi?college=georgetown,
TOR,40,Willie Anderson,/players/a/anderwi01.html,SG,6-7,190,January 8, 1967,us,7,University of Georgia,/friv/colleges.fcgi?college=georgia,
TOR,13,Doug Christie,/players/c/chrisdo01.html,SF,6-6,200,May 9, 1970,us,3,Pepperdine University,/friv/colleges.fcgi?college=pepperdine,
TOR,55,Acie Earl,/players/e/earlac01.html,C,6-10,240,June 23, 1970,us,2,University of Iowa,/friv/colleges.fcgi?college=iowa,
TOR,4,Vincenzo Esposito,/players/e/esposvi01.html,PG,6-3,198,March 1, 1969,it,R,,
TOR,24,Jimmy King,/players/k/kingji02.html,SG,6-5,210,August 9, 1973,us,R,University of Michigan,/friv/colleges.fcgi?college=michigan,
TOR,44,Martin Lewis,/players/l/lewisma01.html,SF,6-5,210,April 28, 1975,us,R,Butler County Community College, Seward County Community College,/friv/colleges.fcgi?college=butlercocc,/friv/colleges.fcgi?college=sewardccc,
TOR,9,Tony Massenburg,/players/m/masseto01.html,PF,6-9,220,July 31, 1967,us,3,University of Maryland,/friv/colleges.fcgi?college=maryland,
TOR,30,Oliver Miller,/players/m/milleol01.html,PF,6-9,280,April 6, 1970,us,3,University of Arkansas,/friv/colleges.fcgi?college=arkansas,
TOR,35,Tracy Murray,/players/m/murratr01.html,SF,6-7,225,July 25, 1971,us,3,University of California, Los Angeles,/friv/colleges.fcgi?college=ucla,
TOR,52,Dan O'Sullivan,/players/o/osullda01.html,C,6-10,250,March 3, 1968,us,3,Fordham University,/friv/colleges.fcgi?college=fordham,
TOR,54,Ed Pinckney,/players/p/pincked01.html,PF,6-9,195,March 27, 1963,us,10,Villanova University,/friv/colleges.fcgi?college=villanova,
TOR,7,Alvin Robertson,/players/r/roberal01.html,SG,6-3,185,July 22, 1962,us,9,University of Arkansas,/friv/colleges.fcgi?college=arkansas,
TOR,33,Carlos Rogers,/players/r/rogerca01.html,PF,6-11,220,February 6, 1971,us,1,University of Arkansas at Little Rock, Tennessee State University,/friv/colleges.fcgi?college=arkansaslr,/friv/colleges.fcgi?college=tennst,
TOR,22,John Salley,/players/s/sallejo01.html,PF,6-11,230,May 16, 1964,us,9,Georgia Institute of Technology,/friv/colleges.fcgi?college=gatech,
TOR,20,Damon Stoudamire,/players/s/stoudda01.html,PG,5-10,171,September 3, 1973,us,R,University of Arizona,/friv/colleges.fcgi?college=arizona,
TOR,3,an Tabak,/players/t/tabakza01.html,C,7-0,245,June 15, 1970,hr,1,,
TOR,23,Dwayne Whitfield,/players/w/whitfdw01.html,PF,6-9,240,August 21, 1972,us,R,Jackson State University,/friv/colleges.fcgi?college=jacksonst,
TOR,32,Herb Williams,/players/w/willihe01.html,C,6-10,242,February 16, 1958,us,14,Ohio State University,/friv/colleges.fcgi?college=ohiost,
TOR,9,Sharone Wright,/players/w/wrighsh01.html,C,6-11,260,January 30, 1973,us,1,Clemson University,/friv/colleges.fcgi?college=clemson,
UTA,21,David Benoit,/players/b/benoida01.html,SF,6-8,220,May 9, 1968,us,4,University of Alabama,/friv/colleges.fcgi?college=alabama,
UTA,55,Antoine Carr,/players/c/carran01.html,SF,6-9,225,July 23, 1961,us,11,Wichita State University,/friv/colleges.fcgi?college=wichitast,
UTA,10,Howard Eisley,/players/e/eisleho01.html,PG,6-2,177,December 4, 1972,us,1,Boston College,/friv/colleges.fcgi?college=bostoncoll,
UTA,44,Greg Foster,/players/f/fostegr01.html,C,6-11,240,October 3, 1968,us,5,University of California, Los Angeles, University of Texas at El Paso,/friv/colleges.fcgi?college=ucla,/friv/colleges.fcgi?college=utep,
UTA,14,Jeff Hornacek,/players/h/hornaje01.html,SG,6-3,190,May 3, 1963,us,9,Iowa State University,/friv/colleges.fcgi?college=iowast,
UTA,31,Adam Keefe,/players/k/keefead01.html,PF,6-9,230,February 22, 1970,us,3,Stanford University,/friv/colleges.fcgi?college=stanford,
UTA,32,Karl Malone,/players/m/malonka01.html,PF,6-9,250,July 24, 1963,us,10,Louisiana Tech University,/friv/colleges.fcgi?college=latech,
UTA,43,Chris Morris,/players/m/morrich01.html,SG,6-8,210,January 20, 1966,us,7,Auburn University,/friv/colleges.fcgi?college=auburn,
UTA,00,Greg Ostertag,/players/o/ostergr01.html,C,7-2,280,March 6, 1973,us,R,University of Kansas,/friv/colleges.fcgi?college=kansas,
UTA,34,Bryon Russell,/players/r/russebr01.html,SF,6-7,225,December 31, 1970,us,2,California State University, Long Beach,/friv/colleges.fcgi?college=longbeach,
UTA,50,Felton Spencer,/players/s/spencfe01.html,C,7-0,265,January 15, 1968,us,5,University of Louisville,/friv/colleges.fcgi?college=louisville,
UTA,12,John Stockton,/players/s/stockjo01.html,PG,6-1,170,March 26, 1962,us,11,Gonzaga University,/friv/colleges.fcgi?college=gonzaga,
UTA,5,Andy Toolson,/players/t/toolsan01.html,SF,6-6,210,January 19, 1966,us,1,Brigham Young University,/friv/colleges.fcgi?college=byu,
UTA,15,Jamie Watson,/players/w/watsoja01.html,SF,6-7,190,February 23, 1972,us,1,University of South Carolina,/friv/colleges.fcgi?college=scarolina,
VAN,18,Ashraf Amaya,/players/a/amayaas01.html,PF,6-8,230,November 23, 1971,us,R,Southern Illinois University,/friv/colleges.fcgi?college=sillinois,
VAN,2,Greg Anthony,/players/a/anthogr01.html,PG,6-0,176,November 15, 1967,us,4,University of Portland, University of Nevada, Las Vegas,/friv/colleges.fcgi?college=portland,/friv/colleges.fcgi?college=unlv,
VAN,34,Anthony Avent,/players/a/aventan01.html,PF,6-9,235,October 18, 1969,us,3,Seton Hall University,/friv/colleges.fcgi?college=setonhall,
VAN,00,Benoit Benjamin,/players/b/benjabe01.html,C,7-0,250,November 22, 1964,us,10,Creighton University,/friv/colleges.fcgi?college=creighton,
VAN,30,Blue Edwards,/players/e/edwarbl01.html,SF,6-4,200,October 31, 1965,us,6,East Carolina University,/friv/colleges.fcgi?college=ecarolina,
VAN,32,Doug Edwards,/players/e/edwardo01.html,PF,6-7,220,January 21, 1971,us,2,Florida State University,/friv/colleges.fcgi?college=floridast,
VAN,44,Kenny Gattison,/players/g/gattike01.html,PF,6-8,225,May 23, 1964,us,8,Old Dominion University,/friv/colleges.fcgi?college=olddom,
VAN,40,Antonio Harvey,/players/h/harvean01.html,PF,6-11,225,July 6, 1970,us,2,Southern Illinois University, University of Georgia, Pfeiffer University,/friv/colleges.fcgi?college=sillinois,/friv/colleges.fcgi?college=georgia,/friv/colleges.fcgi?college=pfeiffer,
VAN,17,Chris King,/players/k/kingch01.html,SF,6-8,215,July 24, 1969,us,1,Wake Forest University,/friv/colleges.fcgi?college=wake,
VAN,15,Rich Manning,/players/m/manniri01.html,PF,6-11,253,June 23, 1970,us,R,Syracuse University, University of Washington,/friv/colleges.fcgi?college=syracuse,/friv/colleges.fcgi?college=washington,
VAN,40,Cuonzo Martin,/players/m/marticu01.html,SG,6-5,213,September 23, 1971,us,R,Purdue University,/friv/colleges.fcgi?college=purdue,
VAN,5,Darrick Martin,/players/m/martida01.html,PG,5-11,170,March 6, 1971,us,1,University of California, Los Angeles,/friv/colleges.fcgi?college=ucla,
VAN,52,Eric Mobley,/players/m/mobleer01.html,C,6-11,235,February 1, 1970,us,1,University of Pittsburgh,/friv/colleges.fcgi?college=pitt,
VAN,7,Lawrence Moten,/players/m/motenla01.html,SG,6-5,185,March 25, 1972,us,R,Syracuse University,/friv/colleges.fcgi?college=syracuse,
VAN,14,Eric Murdock,/players/m/murdoer01.html,PG,6-1,190,June 14, 1968,us,4,Providence College,/friv/colleges.fcgi?college=providence,
VAN,50,Bryant Reeves,/players/r/reevebr01.html,C,7-0,275,June 8, 1973,us,R,Oklahoma State University,/friv/colleges.fcgi?college=okstate,
VAN,4,Byron Scott,/players/s/scottby01.html,SG,6-3,195,March 28, 1961,us,12,Arizona State University,/friv/colleges.fcgi?college=arizonast,
VAN,21,Gerald Wilkins,/players/w/wilkige01.html,SG,6-6,185,September 11, 1963,us,9,University of Tennessee at Chattanooga,/friv/colleges.fcgi?college=utchat,
WSB,32,Mitchell Butler,/players/b/butlemi02.html,SG,6-5,210,December 15, 1970,us,2,University of California, Los Angeles,/friv/colleges.fcgi?college=ucla,
WSB,40,Calbert Cheaney,/players/c/cheanca01.html,SF,6-7,209,July 17, 1971,us,2,Indiana University,/friv/colleges.fcgi?college=indiana,
WSB,34,Michael Curry,/players/c/currymi01.html,SF,6-5,210,August 22, 1968,us,1,Georgia Southern University,/friv/colleges.fcgi?college=georgiasou,
WSB,21,Ledell Eackles,/players/e/eacklle01.html,SG,6-5,220,November 24, 1966,us,5,University of New Orleans,/friv/colleges.fcgi?college=norleans,
WSB,1,Greg Grant,/players/g/grantgr01.html,PG,5-7,140,August 29, 1966,us,5,Trenton State University,/friv/colleges.fcgi?college=trentonst,
WSB,5,Juwan Howard,/players/h/howarju01.html,PF,6-9,240,February 7, 1973,us,1,University of Michigan,/friv/colleges.fcgi?college=michigan,
WSB,23,Tim Legler,/players/l/legleti01.html,SG,6-4,200,December 26, 1966,us,5,La Salle University,/friv/colleges.fcgi?college=lasalle,
WSB,42,Cedric Lewis,/players/l/lewisce01.html,C,6-10,235,September 24, 1969,us,R,University of Maryland,/friv/colleges.fcgi?college=maryland,
WSB,55,Bob McCann,/players/m/mccanbo01.html,PF,6-6,244,April 22, 1964,us,3,Upsala College, Morehead State University,/friv/colleges.fcgi?college=upsala,/friv/colleges.fcgi?college=morehead,
WSB,22,Jim McIlvaine,/players/m/mcilvji01.html,C,7-1,240,July 30, 1972,us,1,Marquette University,/friv/colleges.fcgi?college=marquette,
WSB,77,Gheorghe Murean,/players/m/muresgh01.html,C,7-7,303,February 14, 1971,ro,2,,
WSB,14,Robert Pack,/players/p/packro01.html,PG,6-2,180,February 3, 1969,us,4,University of Southern California,/friv/colleges.fcgi?college=usc,
WSB,54,Mike Peplowski,/players/p/peplomi01.html,C,6-10,270,October 15, 1970,us,2,Michigan State University,/friv/colleges.fcgi?college=michiganst,
WSB,20,Brent Price,/players/p/pricebr01.html,PG,6-1,165,December 9, 1968,us,2,University of South Carolina, University of Oklahoma,/friv/colleges.fcgi?college=scarolina,/friv/colleges.fcgi?college=oklahoma,
WSB,15,Mark Price,/players/p/pricema01.html,PG,6-0,170,February 15, 1964,us,9,Georgia Institute of Technology,/friv/colleges.fcgi?college=gatech,
WSB,12,Kevin Pritchard,/players/p/pritcke01.html,PG,6-3,180,July 17, 1967,us,3,University of Kansas,/friv/colleges.fcgi?college=kansas,
WSB,34,Bob Thornton,/players/t/thornbo01.html,PF,6-10,225,July 10, 1962,us,7,University of California, Irvine,/friv/colleges.fcgi?college=ucirvine,
WSB,30,Rasheed Wallace,/players/w/wallara01.html,PF,6-10,225,September 17, 1974,us,R,University of North Carolina,/friv/colleges.fcgi?college=unc,
WSB,4,Chris Webber,/players/w/webbech01.html,PF,6-9,245,March 1, 1973,us,2,University of Michigan,/friv/colleges.fcgi?college=michigan,
WSB,42,Jeff Webster,/players/w/webstje01.html,SF,6-8,232,February 19, 1971,us,R,University of Oklahoma,/friv/colleges.fcgi?college=oklahoma,
WSB,12,Chris Whitney,/players/w/whitnch01.html,PG,6-0,168,October 5, 1971,us,2,Clemson University,/friv/colleges.fcgi?college=clemson,
